{"cameraMode":{"drawMode":0,"name":"Shaded","section":"Shading Mode"},"sceneLighting":false,"audioPlay":false,"sceneViewState":{"m_AlwaysRefresh":false,"showFog":true,"showSkybox":false,"showFlares":true,"showImageEffects":true,"showParticleSystems":true,"showVisualEffectGraphs":true,"m_FxEnabled":true},"in2DMode":false,"pivot":{"x":-0.0009061768651008606,"y":0.30000001192092898,"z":0.00009026378393173218},"rotation":{"x":0.08354858309030533,"y":-0.7424702048301697,"z":0.09428203105926514,"w":0.657934844493866},"size":0.3923521041870117,"orthographic":false}