{"cameraMode":{"drawMode":0,"name":"Shaded","section":"Shading Mode"},"sceneLighting":true,"audioPlay":false,"sceneViewState":{"m_AlwaysRefresh":false,"showFog":true,"showSkybox":true,"showFlares":true,"showImageEffects":true,"showParticleSystems":true,"showVisualEffectGraphs":true,"m_FxEnabled":true},"in2DMode":false,"pivot":{"x":36.86600875854492,"y":9.898669242858887,"z":19.233661651611329},"rotation":{"x":0.18091164529323579,"y":0.45370805263519289,"z":-0.09443991631269455,"w":0.8675390481948853},"size":17.368947982788087,"orthographic":false}