{"cameraMode":{"drawMode":0,"name":"Shaded","section":"Shading Mode"},"sceneLighting":false,"audioPlay":false,"sceneViewState":{"m_AlwaysRefresh":false,"showFog":true,"showSkybox":false,"showFlares":true,"showImageEffects":true,"showParticleSystems":true,"showVisualEffectGraphs":true,"m_FxEnabled":true},"in2DMode":false,"pivot":{"x":70.5737533569336,"y":1.9812750816345215,"z":92.11900329589844},"rotation":{"x":0.015854187309741975,"y":-0.964961051940918,"z":0.25495457649230959,"w":0.060007717460393909},"size":2.4372940063476564,"orthographic":false}