{"cameraMode":{"drawMode":0,"name":"Shaded","section":"Shading Mode"},"sceneLighting":false,"audioPlay":false,"sceneViewState":{"m_AlwaysRefresh":false,"showFog":true,"showSkybox":false,"showFlares":true,"showImageEffects":true,"showParticleSystems":true,"showVisualEffectGraphs":true,"m_FxEnabled":true},"in2DMode":false,"pivot":{"x":27.87133026123047,"y":-6.437831878662109,"z":54.587371826171878},"rotation":{"x":0.007757413201034069,"y":0.9921911954879761,"z":0.08263193815946579,"w":-0.09314016997814179},"size":0.4718324542045593,"orthographic":false}