{"cameraMode":{"drawMode":0,"name":"Shaded","section":"Shading Mode"},"sceneLighting":false,"audioPlay":false,"sceneViewState":{"m_AlwaysRefresh":false,"showFog":false,"showSkybox":false,"showFlares":false,"showImageEffects":false,"showParticleSystems":false,"showVisualEffectGraphs":true,"m_FxEnabled":true},"in2DMode":false,"pivot":{"x":-0.03498133644461632,"y":1.4436789751052857,"z":0.04320208355784416},"rotation":{"x":-0.005126504693180323,"y":-0.9937673807144165,"z":-0.09870562702417374,"w":0.051621291786432269},"size":0.48357996344566347,"orthographic":false}